LV.AMO.2022B.5.1,"LTNumeralSystems","('LTNumeralSystems', 'LTDivisibility')"
LV.AMO.2022B.5.2,"LTPolygons","('LTNumTheoryExamples', 'LTInequalitiesNumTheory')"
LV.AMO.2022B.5.3,"LTDivisibility","('LTNumTheoryByCases', 'LTEquationsNumTheory')"
LV.AMO.2022B.5.4,"LTEquationSystems","('LTDivisibility', 'LTPrimeFactors')"
LV.AMO.2022B.5.5,"LTLogic","('LTNumTheoryByCases', 'LTContradiction')"
LV.AMO.2022B.6.1,"LTDivisibility","('LTDivisibility', 'LTNumTheoryByCases')"
LV.AMO.2022B.6.2,"LTCuttingCoversColoring","('LTDivisibility', 'LTPrimeFactors')"
LV.AMO.2022B.6.3,"LTCongruenceModulo","('LTNumTheoryExamples', 'LTNumTheoryByCases')"
LV.AMO.2022B.6.4,"LTEquationSystems","('LTNumTheoryByCases', 'LTInequalitiesNumTheory')"
LV.AMO.2022B.6.5,"LTLogic","('LTNumTheoryByCases', 'LTInequalitiesNumTheory')"
LV.AMO.2022B.7.1,"LTNumeralSystems","('LTDivisibility', 'LTNumeralSystems')"
LV.AMO.2022B.7.2,"LTEquations,LTNumTheoryByCases","('LTNumTheoryByCases', 'LTInequalitiesNumTheory')"
LV.AMO.2022B.7.3,"LTObjectSystemsGeometry","('LTNumTheoryExamples', 'LTIntegerPolynomials')"
LV.AMO.2022B.7.4,"LTDivisibility","('LTNumTheoryByCases', 'LTInvariant')"
LV.AMO.2022B.7.5,"LTLogic","('LTNumTheoryByCases', 'LTInvariant')"
LV.AMO.2022B.8.1,"LTNumeralSystems","('LTDivisibility', 'LTNumTheoryByCases')"
LV.AMO.2022B.8.2,"LTEquations","('LTEquationsNumTheory', 'LTNumTheoryByCases')"
LV.AMO.2022B.8.3,"LTTriangles","('LTDivisibility', 'LTPrimeFactors')"
LV.AMO.2022B.8.4,"LTNumTheoryExamples","('LTNumTheoryByCases', 'LTInequalitiesNumTheory')"
LV.AMO.2022B.8.5,"LTLogic","('LTNumTheoryByCases', 'LTEquationsNumTheory')"
LV.AMO.2022B.9.1,"LTNumeralSystems","('LTDivisibility', 'LTNumTheoryByCases')"
LV.AMO.2022B.9.2,"LTInequalities","('LTInequalitiesNumTheory', 'LTNumTheoryByCases')"
LV.AMO.2022B.9.3,"LTTriangles","('LTDivisibility', 'LTPrimeSpanFactors')"
LV.AMO.2022B.9.4,"LTNumTheoryExamples","('LTNumTheoryByCases', 'LTTransformsNumTheory')"
LV.AMO.2022B.9.5,"LTGraphs","('LTNumTheoryByCases', 'LTInvariant')"
LV.AMO.2022B.10.1,"LTCongruenceModulo","('LTNumeralSystems', 'LTCongruenceModulo')"
LV.AMO.2022B.10.2,"LTNumTheoryExamples,LTDivisibility","('LTNumTheoryByCases', 'LTPrimeFactors')"
LV.AMO.2022B.10.3,"LTTriangles","('LTDivisibility', 'LTPrimeFactors')"
LV.AMO.2022B.10.4,"LTEquations","('LTEquationsNumTheory', 'LTTransformsNumTheory')"
LV.AMO.2022B.10.5,"LTGraphs","('LTNumTheoryByCases', 'LTInvariant')"
LV.AMO.2022B.11.1,"LTCongruenceModulo","('LTNumTheoryExamples', 'LTCongruenceModulo')"
LV.AMO.2022B.11.2,"LTEquations","('LTNumeralSystems', 'LTEquationsNumTheory')"
LV.AMO.2022B.11.3,"LTCircleAndRelatedAngles","('LTDivisibility', 'LTPrimeFactors')"
LV.AMO.2022B.11.4,"LTTransformsNumTheory","('LTNumTheoryByCases', 'LTInequalitiesNumTheory')"
LV.AMO.2022B.11.5,"LTGraphs","('LTNumTheoryExamples', 'LTInvariant')"
LV.AMO.2022B.12.1,"LTCongruenceModulo","('LTNumTheoryExamples', 'LTEquationsNumTheory')"
LV.AMO.2022B.12.2,"LTEquations","('LTEquationsNumTheory', 'LTTransformsNumTheory')"
LV.AMO.2022B.12.3,"LTTriangles","('LTDivisibility', 'LTPrimeFactors')"
LV.AMO.2022B.12.4,"LTEquations","('LTTransformsNumTheory', 'LTEquationsNumTheory')"
LV.AMO.2022B.12.5,"LTGames","('LTNumTheoryByCases', 'LTNumTheoryExamples')"
LV.AMO.2022B.5.1,"LTNumeralSystems","('LTNumeralSystems', 'LTDivisibility')", "['LTInduction', 'LTExtremeElement', 'LTMeanValuePrinciple', 'LTInvariant', 'LTContradiction', 'LTInterpretation', 'LTExpressionTransforms', 'LTStructureAugmentation']"
LV.AMO.2022B.5.2,"LTPolygons","('LTNumTheoryExamples', 'LTInequalitiesNumTheory')", "['LTInduction', 'LTExtremeElement', 'LTMeanValuePrinciple', 'LTInvariant', 'LTContradiction', 'LTInterpretation', 'LTExpressionTransforms', 'LTStructureAugmentation']"
LV.AMO.2022B.5.3,"LTDivisibility","('LTNumTheoryByCases', 'LTEquationsNumTheory')", "['LTInduction', 'LTExtremeElement', 'LTMeanValuePrinciple', 'LTInvariant', 'LTContradiction', 'LTInterpretation', 'LTExpressionTransforms', 'LTStructureAugmentation']"
